Question,Option1,Option2,Option3,Option4
What is welding and how does it work?,Welding is a process of joining two or more metal pieces by heating them to their melting point and then cooling them to form a permanent bond.,Welding is a process of cutting metal pieces.,Welding is a process of painting metal.,Welding is a process of melting metal and molding it into different shapes.
What are the different types of welding?,There are several types of welding including MIG welding TIG welding Stick welding and Flux-cored welding.,There are only two types of welding MIG and TIG welding.,Welding can only be performed with TIG welding.,Welding is a single process and cannot be performed in different ways
What are the safety precautions for welding?,Some of the safety precautions for welding include wearing protective clothing using proper ventilation using eye protection and avoiding contact with electrical circuits.,There are no safety precautions required for welding.,Wearing regular clothes is enough protection for welding.,Welding is a safe process and no precautions are needed.
What is the importance of cleaning metal before welding?,Cleaning the metal before welding ensures that there are no impurities such as rust or oil on the metal that could weaken the weld.,Cleaning the metal before welding is not necessary.,Cleaning the metal before welding makes the process more difficult.,Cleaning the metal before welding does not affect the quality of the weld.
What is the role of filler material in welding?,Filler material is used in some welding techniques such as MIG and TIG welding to add strength to the weld and help create a smooth continuous bead.,Filler material is not used in welding.,Filler material weakens the weld.,Filler material is only used in TIG welding not MIG welding.
How does the type of metal affect the welding process?,The type of metal being welded affects the welding process by determining the welding technique and filler material that should be used.,The type of metal does not affect the welding process.,Only the thickness of the metal affects the welding process not the type.,The color of the metal affects the welding process not the type.
What is metal fabrication and how does it differ from welding?,Metal fabrication is a process of creating metal structures by cutting bending and shaping metal.,Metal fabrication is the same as welding.,Metal fabrication only involves cutting metal.,Metal fabrication involves welding metal pieces together.
What is the process of metal finishing and why is it important?,Metal finishing is the process of enhancing the appearance and durability of metal.,Metal finishing is not important.,Metal finishing only involves painting metal.,Metal finishing weakens the metal.
What are the different metal finishing techniques?,There are several metal finishing techniques including polishing sandblasting painting electroplating and anodizing.,There is only one metal finishing technique.,Metal finishing only involves painting metal.,Metal finishing weakens the metal.
What is the purpose of preheating metal before welding?,Preheating metal before welding helps to prevent cracking warping and thermal shock.,Preheating just wastes time and energy no real benefit.,Preheating the metal only weakens its structure.,Preheating only serves to cause metal to bend and warp leading to a less desirable result.
What is the significance of proper welding technique in ensuring the strength of the welded joint?,Proper welding technique is important in ensuring the strength of the welded joint because it affects the quality of the weld and the distribution of heat and filler material.,It doesn't matter how you weld the outcome is the same.,Poor technique actually leads to a stronger weld.,Proper technique only affects the appearance of the weld not its strength.
What is the effect of different welding conditions on the weld?,Different welding conditions such as temperature humidity and wind can affect the weld in different ways.,Welding conditions are completely irrelevant to the final result.,Only temperature affects the weld the others are inconsequential.,Welding conditions only make the weld look better not affect its strength.
What is the significance of post-weld heat treatment in metal fabrication?,Post-weld heat treatment is important in metal fabrication because it helps to relieve internal stresses in the metal improve the ductility of the weld and reduce the risk of cracking.,Post-weld heat treatment is just a waste of time and energy.,Post-weld heat treatment only weakens the metal.,Post-weld heat treatment just changes the color of the metal it doesn't affect its properties.
What is the difference between TIG and MIG welding and what are their respective advantages and disadvantages?,TIG and MIG welding are two different welding techniques that use different filler materials and equipment. TIG welding is slower than MIG welding but MIG is less precise and more spatter.,TIG and MIG are just two names for the exact same thing.,TIG welding is faster and easier while MIG is slower and harder.,MIG welding produces higher-quality welds while TIG is just for show.
What is the main difference between a lathe and a milling machine?,A lathe rotates the workpiece and a milling machine rotates the tool,Lathes and milling machines are the same thing just different names.,A lathe only cuts flat surfaces while a milling machine only cuts cylindrical shapes.,Lathes are only used for woodworking while milling machines are only used for metalworking.
What are some common uses for a lathe in metalworking?,A lathe is commonly used for turning and shaping metal such as creating cylindrical objects,Lathes are only used for drilling holes in metal.,Lathes are not used in metalworking only in woodworking.,Lathes are only used to create flat surfaces in metal.
What are the advantages of using a milling machine over other machining techniques?,Milling machines can produce precise and intricate shapes with their multi-axis movement and rotating cutting tools.,Milling machines are slower and less precise than other machining techniques.,Milling machines are only used for drilling holes not for shaping metal.,Milling machines are not used in metalworking only in woodworking.
How does a CNC (computer numerical control) lathe differ from a conventional lathe?,A CNC lathe is controlled by a computer program allowing for increased precision and automation in the machining process,CNC lathes are less precise and less efficient than conventional lathes.,CNC lathes are only used for drilling holes not for turning and shaping metal.,CNC lathes and conventional lathes are the same thing just different names.
What are the different types of milling machine cutters?,Some common types of milling machine cutters include end mills face mills and ball end mills.,All milling machine cutters are the same there is no difference between them.,Milling machine cutters are only used for drilling holes not for shaping metal.,Milling machine cutters are not used in metalworking only in woodworking.
What are some safety considerations when using a lathe or milling machine in metalworking?,Some safety considerations when using a lathe or milling machine in metalworking include wearing protective equipment such as safety glasses,Safety is not important when using lathes or milling machines in metalworking.,Only protective equipment is necessary it is not important to follow proper operating procedures or secure the workpiece.,The only safety consideration is to avoid getting cut by the sharp edges of the metal.